
{
	"MIME":
	[
		{
			"Name": "TXT",
			"Type": "text/plain",
			"Text": true
		},
		{
			"Name": "CSS",
			"Type": "text/css",
			"Text": true
		},
		{
			"Name": "HTML",
			"Type": "text/html",
			"Text": true
		},
		{
			"Name": "XML",
			"Type": "text/xml",
			"Text": true
		},
		{
			"Name": "CSV",
			"Type": "text/csv",
			"Text": true
		},
		{
			"Name": "GIF",
			"Type": "image/gif",
			"Text": false
		},
		{
			"Name": "JPEG",
			"Type": "image/jpeg",
			"Text": false
		},
		{
			"Name": "JPG",
			"Type": "image/jpeg",
			"Text": false
		},
		{
			"Name": "PNG",
			"Type": "image/png",
			"Text": false
		},
		{
			"Name": "ZIP",
			"Type": "application/zip",
			"Text": false
		},
		{
			"Name": "LNK",
			"Type": "application/windows",
			"Text": false
		},
		{
			"Name": "JS",
			"Type": "application/javascript",
			"Text": true
		},
		{
			"Name": "JSON",
			"Type": "application/json",
			"Text": true
		},
		{
			"Name": "PDF",
			"Type": "application/pdf",
			"Text": false
		}

	]
}
